key,value,unit,note
base_hit_power,1.0,coin,타격 1회 기본 코인. 대상별 coin_mult 를 곱한다
auto_hammer_count_init,0,count,자동 망치 초기 보유량. 업그레이드로 증가
auto_hammer_power,0.6,coin,자동 망치 타격당 코인. 호버 타격보다 낮게 유지한다
auto_hammer_hits_per_sec,1.0,hit/sec,자동 망치 1기당 초당 타격 횟수
hit_radius_bonus,25,percent,피격 콜라이더를 외형보다 넓히는 비율 (GDD 4절)
spawn_interval_sec,7.0,sec,부서진 자리에 새 저금통이 등장하기까지 걸리는 시간
coin_bonus_multiplier,1.0,ratio,보너스 배율 기준값. 퍼크/업그레이드가 여기에 더해진다
upgrade_cost_growth,1.15,ratio,업그레이드 비용 = 초기비용 * 1.15^레벨
stage_goal_growth,2.5,ratio,다음 단계 목표 = 이전 목표 * 2.5
